dataset,type,n_rooms,area_m2_p5,area_m2_p50,area_m2_p95,width_m_p5,width_m_p50,width_m_p95
CubiCasa5k,balcony,2475,3.414887709500001,8.725369950000001,33.92871464449996,1.1690299999999996,2.0082,3.748912499999999
CubiCasa5k,bathroom,7622,1.3542642599999997,3.3139749600000004,6.8398387765,0.9321150000000001,1.546201806640629,2.191915748189867
CubiCasa5k,bedroom,9417,7.383264271999997,11.420817000000005,18.51592268799999,2.24172,2.9705427734375025,3.8248599999999966
CubiCasa5k,closet,3122,1.2814327154999996,2.3909049500000013,6.529618340999998,0.8892399999999989,1.2899499999999993,2.0685499999999997
CubiCasa5k,dining_room,967,4.1435987720000025,7.646029739999997,17.419391173999987,1.6880800000000005,2.4429,3.705701552734374
CubiCasa5k,garage,689,13.252131248000003,20.610400050000003,42.48921115800001,2.689739999999998,3.57349994114334,5.993839999999998
CubiCasa5k,hallway,6120,1.1975612539999994,5.960552310000001,17.687454257499997,0.8834199999999998,1.7577903320312522,3.043118310546884
CubiCasa5k,kitchen,4672,4.143805458,10.087194645000002,21.11284413500001,1.6304399999999994,2.6317499999999994,4.013484999999999
CubiCasa5k,laundry,1125,2.8248121520000002,6.86229938,12.794885456000001,1.4132399999999987,2.0397,2.9456345312500005
CubiCasa5k,living_room,4647,10.448159808500002,19.0415857,33.358367574,2.6655695703124986,3.7423,4.996709999999998
CubiCasa5k,other,12371,0.0685999999999997,3.287070479999996,21.5128783925,0.0999999999999996,1.5596999999999994,3.7398222656249995
CubiCasa5k,outdoor,5422,0.9229729080000015,5.2412898499999985,21.68892293974995,0.7391101448224582,1.5430603289965417,3.096890435131995
CubiCasa5k,storage,2542,1.6424272310000034,4.531333499999999,16.115498827499998,0.9746299999999956,1.7187499999999991,3.2669199999999985
CubiCasa5k,study,214,4.065553531000002,10.799158125000002,21.975607352500003,1.6963700000000002,2.830450000000001,4.33946
ResPlan,balcony,20862,2.35896441,5.3849313174999995,15.777472510000006,0.8627050000000003,1.5582499999999992,2.7484450000000007
ResPlan,bathroom,38796,2.3720494224999986,4.866549645,9.368499,1.2635750000000003,1.7478186035156265,2.3644798828125
ResPlan,bedroom,39118,12.1840451575,18.821091674999998,29.26517277900001,3.1721045312500005,3.9421,4.7864
ResPlan,garage,335,10.234095216999997,40.838376,130.575108986,2.4238125390625007,5.322560051619147,9.822039296875001
ResPlan,kitchen,16263,5.670378463999999,10.338570399999996,18.571531716,1.9119951660156258,2.8187,3.8517865039062453
ResPlan,living_room,16565,21.039345234,40.78740866,78.98698065999996,3.43593859375,4.467432248087442,6.2378451364541005
ResPlan,other,728,1.1792344470000002,6.092191925000003,32.915810840499994,0.7858299999999996,1.7531999999999988,4.0504735546875015
ResPlan,outdoor,827,2.4113684050000024,17.17285860000001,184.88468263400003,0.6706334108426015,2.4545,6.9919499999999974
ResPlan,storage,1727,1.1320383180000002,3.41250896,11.563502751999996,0.7936599999999989,1.5282999999999998,3.1117757324218758
RPLAN,balcony,12876,2.0665283203125,4.7757568359375,9.179489135742188,0.84375,1.40625,2.109375
RPLAN,bathroom,14578,2.4422607421875,4.13800048828125,7.1982421875,1.265625,1.7578125,2.3203125
RPLAN,bedroom,27675,8.23150634765625,12.873779296875,19.10302734375,2.53125,3.1640625,3.9375
RPLAN,closet,164,1.22706298828125,2.939117431640625,7.346310424804684,0.7734375,1.40625,2.1796875
RPLAN,dining_room,186,4.55328369140625,8.82476806640625,16.460540771484375,1.6875,2.6015625,3.5148868560791016
RPLAN,hallway,36,1.2347259521484375,3.680694580078125,11.826919555664062,0.791015625,1.4765625,2.0390625
RPLAN,kitchen,11592,3.737548828125,5.873291015625,9.7294921875,1.40625,1.8984375,2.671875
RPLAN,living_room,12063,25.5399169921875,34.92333984375,47.95828857421874,3.485885390411957,4.13171138499062,5.203125
RPLAN,storage,494,0.5537109375,2.511474609375,6.931768798828124,0.421875,1.265625,2.25
RPLAN,study,2283,5.072882080078125,8.89892578125,13.473962402343753,1.8984375,2.671875,3.3046875
Swiss Dwellings,balcony,48422,2.0553385690000003,7.324377737499997,21.323834117000004,0.8941038740193071,1.6942507615369475,3.148024338305133
Swiss Dwellings,bathroom,68434,1.4849271,3.77909251,6.27456996425,0.9249036831731632,1.6140403387362299,2.074582276162773
Swiss Dwellings,bedroom,105615,9.916866949999998,14.280533875,21.832438118499994,2.40321065409598,3.246602039542494,4.083156475065756
Swiss Dwellings,dining_room,1315,5.232203179999999,10.392842905000002,25.020311085,1.8841433431396928,2.7246746332602765,4.154489386193679
Swiss Dwellings,hallway,53392,2.2102292762500007,7.525755684999998,17.669534349999996,1.0973021057964343,1.7793999365074455,2.8499707910988032
Swiss Dwellings,kitchen,44126,4.594958912499999,8.045181825,14.22329744,1.556606922812819,2.328545360712373,3.1792725335898373
Swiss Dwellings,living_room,32659,16.228279460499998,26.69611414,42.650598574499995,3.3151086677872095,4.02,5.101113233644908
Swiss Dwellings,other,73,1.61614364,3.742894780000004,15.439624852999984,0.8675961055081585,1.1564749312954217,2.448472136834239
Swiss Dwellings,outdoor,364,5.611655619500001,11.661294647500002,41.62742354499999,1.5606251456346871,2.6583768778196966,4.654984340412863
Swiss Dwellings,storage,14354,0.5295098700000002,2.180125685,7.343246240499999,0.5306813738905024,1.1795832690856458,2.106102084660681
Swiss Dwellings,study,7,16.60873593650001,53.90497176,55.81023947400001,3.575240780703612,6.730275489420964,6.940734446421253
MagicPlan,balcony,2153,1.351169226,6.059200050000001,32.91524418999996,0.701602450326024,1.5000014695585089,4.171063420223994
MagicPlan,bathroom,10211,1.3465806999999994,3.91531148,10.171458999999999,0.8887869012861713,1.6077729034650203,2.7
MagicPlan,bedroom,12504,5.9152954405000004,12.1523453625,23.768685278499987,1.9988983533223423,3.0100406062141665,4.252821894315406
MagicPlan,closet,3416,0.3770348049999999,1.4057619600000002,8.112801285,0.42807500000000015,0.8382999999999996,2.300040415833336
MagicPlan,dining_room,1511,5.779404734999998,14.548250605000002,43.868517067499994,1.9854364860828262,3.3129499971850227,5.241669965519434
MagicPlan,garage,697,7.410589300000001,24.936034695000004,74.89800542999998,2.0564331556480213,3.951570758480365,7.254065287700131
MagicPlan,hallway,9206,1.408511385,6.139562385000002,34.822729551250006,0.8477897720164956,1.6281318626768977,4.299227041447305
MagicPlan,kitchen,5303,3.632317536000001,10.285700469999997,32.713126192499985,1.459033391817089,2.6534629303599626,4.580044955410396
MagicPlan,laundry,1097,1.399600134,5.38488322,19.284316894000014,0.844301020305094,1.855,3.5121957840750815
MagicPlan,living_room,6164,7.68526615675,20.108077145,52.47346327474996,2.275368990934985,3.758960635323123,5.717887169314753
MagicPlan,other,6459,1.2346800730000014,8.760378000000001,69.22949134649987,0.8109797751139625,2.351296074129738,6.095017014701032
MagicPlan,outdoor,103,1.623831019,11.457618415000002,51.236891210999985,0.8950951808275317,2.2500490952592047,5.707998471105235
MagicPlan,storage,902,1.6038758405,9.6507075,50.22594288,0.9098805627615731,2.467138756775677,5.6674913955695745
MagicPlan,study,1502,3.819591134000001,11.553000000000004,44.260384931000004,1.49842988358716,2.9043299027539105,5.2881468697392515
MSD,balcony,15656,2.15607952375,7.785143020000001,25.8037516375,0.8818347116892902,1.7996400402723238,3.259868892302081
MSD,bathroom,22556,1.517471047499998,3.8011061825,6.458360539999999,0.9332333775162978,1.6154499509727664,2.0947173359706297
MSD,bedroom,34081,9.94591825,14.305138535000005,21.9323928,2.407621918853642,3.232927376435058,4.090910969819225
MSD,dining_room,446,5.332845417500001,10.705826022500002,26.358049457499998,1.8216907308124606,2.792281340257703,3.955131516155403
MSD,hallway,20535,2.2749734404999997,8.184079889999998,20.711241995499996,1.0968145187240834,1.8276796350265443,3.074433297045996
MSD,kitchen,14260,4.4470955025,7.909220715000001,13.955654289499996,1.5321818157521658,2.346159419768992,3.1350403386867525
MSD,living_room,10646,16.381525896250004,27.4688409475,43.383479754999996,3.344758767081423,4.062592127144579,5.197785862843412
MSD,other,8149,0.8990396699999982,4.375415785000001,23.41314029399999,0.5944214181569353,1.6249689738313533,3.7083570371705843
MSD,storage,5903,0.6180397280000001,2.4799909450000004,15.203018624999993,0.5799087559159571,1.2491150670874458,3.0912992931974848
LIFULL,balcony,8472,,,,,,
LIFULL,bathroom,24042,,,,,,
LIFULL,bedroom,14076,,,,,,
LIFULL,closet,17256,,,,,,
LIFULL,dining_room,7,,,,,,
LIFULL,hallway,5467,,,,,,
LIFULL,kitchen,10804,,,,,,
LIFULL,living_room,1446,,,,,,
LIFULL,other,43,,,,,,
ProcTHOR-10K,bathroom,891,7.405488500000002,16.058976,32.693749499999996,1.7209999999999992,3.496,4.3528076171875
ProcTHOR-10K,bedroom,1206,15.977495999999999,31.738295000000004,54.31879800000001,3.231355224609375,4.324,6.442
ProcTHOR-10K,kitchen,751,14.845915000000002,29.093192,53.7634125,3.237499999999999,4.225999999999999,6.4692978515625
ProcTHOR-10K,living_room,881,10.857025,24.347247,47.54362199999999,2.088999999999998,3.927,6.121
