dataset,type,presence,mean_count
CubiCasa5k,living_room,0.7060462067835491,0.7614288055054891
CubiCasa5k,kitchen,0.7363591676224808,0.7655251515648042
CubiCasa5k,bedroom,0.7684745207275111,1.5430116336228084
CubiCasa5k,bathroom,0.8254956578731771,1.248893986563985
CubiCasa5k,balcony,0.36260855317057183,0.405538259872194
CubiCasa5k,hallway,0.7163689988530231,1.0027855153203342
CubiCasa5k,dining_room,0.15648041946583646,0.15844666557430773
CubiCasa5k,study,0.030968376208422087,0.03506472226773718
CubiCasa5k,storage,0.2875634933639194,0.41651646731115843
CubiCasa5k,garage,0.10519416680321153,0.11289529739472391
CubiCasa5k,laundry,0.17843683434376537,0.1843355726691791
CubiCasa5k,closet,0.4278223824348681,0.5115516958872686
CubiCasa5k,outdoor,0.5969195477633951,0.8884155333442569
CubiCasa5k,other,0.836310011469769,2.0270358839914797
ResPlan,living_room,0.9999387142244285,1.0151988723417296
ResPlan,kitchen,0.9927682784825642,0.9966905681191396
ResPlan,bedroom,0.9998161426732856,2.39737696880554
ResPlan,bathroom,1.0,2.3776429490715203
ResPlan,balcony,0.7684623398909113,1.2785438499724213
ResPlan,hallway,0.0,0.0
ResPlan,dining_room,0.0,0.0
ResPlan,study,0.0,0.0
ResPlan,storage,0.10485996200281915,0.10584053441196298
ResPlan,garage,0.019795305509591223,0.0205307348164491
ResPlan,laundry,0.0,0.0
ResPlan,closet,0.0,0.0
ResPlan,outdoor,0.032113746399460685,0.05068333639762211
ResPlan,other,0.04032604032604033,0.04461604461604462
RPLAN,living_room,1.0,1.0
RPLAN,kitchen,0.9587996352482798,0.9609549863218105
RPLAN,bedroom,0.9999171018817873,2.294205421536931
RPLAN,bathroom,0.9987565282268093,1.2084887673049822
RPLAN,balcony,0.8337063748652905,1.0673961701069385
RPLAN,hallway,0.0029843322556577967,0.0029843322556577967
RPLAN,dining_room,0.015419049987565282,0.015419049987565282
RPLAN,study,0.1890906076432065,0.18925640387963194
RPLAN,storage,0.04045428168780569,0.04095167039708199
RPLAN,garage,0.0,0.0
RPLAN,laundry,0.0,0.0
RPLAN,closet,0.013263698914034651,0.013595291386885517
RPLAN,outdoor,0.0,0.0
RPLAN,other,0.0,0.0
Swiss Dwellings,living_room,0.6946188340807175,0.6973948323724108
Swiss Dwellings,kitchen,0.9399316677343583,0.9422592355327781
Swiss Dwellings,bedroom,0.9502669229126628,2.255285073670724
Swiss Dwellings,bathroom,0.9707879564381806,1.4613282084134103
Swiss Dwellings,balcony,0.8411701900491139,1.0339953021567372
Swiss Dwellings,hallway,0.9344010249839846,1.1401238522314756
Swiss Dwellings,dining_room,0.027930813581037797,0.028080290412128978
Swiss Dwellings,study,0.00014947683109118088,0.00014947683109118088
Swiss Dwellings,storage,0.26649583600256244,0.3065129190689729
Swiss Dwellings,garage,0.0,0.0
Swiss Dwellings,laundry,0.0,0.0
Swiss Dwellings,closet,0.0,0.0
Swiss Dwellings,outdoor,0.006790518898142217,0.007772795216741405
Swiss Dwellings,other,0.0013879991458466796,0.0015588298099508862
MagicPlan,living_room,0.5298,0.6164
MagicPlan,kitchen,0.4893,0.5303
MagicPlan,bedroom,0.6427,1.2504
MagicPlan,bathroom,0.763,1.0211
MagicPlan,balcony,0.186,0.2153
MagicPlan,hallway,0.6767,0.9206
MagicPlan,dining_room,0.1395,0.1511
MagicPlan,study,0.1027,0.1502
MagicPlan,storage,0.0692,0.0902
MagicPlan,garage,0.063,0.0697
MagicPlan,laundry,0.105,0.1097
MagicPlan,closet,0.2124,0.3416
MagicPlan,outdoor,0.0092,0.0103
MagicPlan,other,0.3503,0.6459
MSD,living_room,0.7952963762898968,2.554835613150948
MSD,kitchen,0.9755219582433405,3.422126229901608
MSD,bedroom,0.9860811135109191,8.178785697144228
MSD,bathroom,0.9966402687784978,5.413006959443244
MSD,balcony,0.9102471802255819,3.7571394288456923
MSD,hallway,0.9928005759539237,4.928005759539237
MSD,dining_room,0.04487640988720902,0.1070314374850012
MSD,study,0.0,0.0
MSD,storage,0.43700503959683223,1.4166066714662826
MSD,garage,0.0,0.0
MSD,laundry,0.0,0.0
MSD,closet,0.0,0.0
MSD,outdoor,0.0,0.0
MSD,other,0.8420926325893928,1.9556035517158628
LIFULL,living_room,0.133,0.1446
LIFULL,kitchen,0.818,1.0804
LIFULL,bedroom,0.8515,1.4076
LIFULL,bathroom,0.9547,2.4042
LIFULL,balcony,0.7443,0.8472
LIFULL,hallway,0.4271,0.5467
LIFULL,dining_room,0.0007,0.0007
LIFULL,study,0.0,0.0
LIFULL,storage,0.0,0.0
LIFULL,garage,0.0,0.0
LIFULL,laundry,0.0,0.0
LIFULL,closet,0.8709,1.7256
LIFULL,outdoor,0.0,0.0
LIFULL,other,0.0035,0.0043
ProcTHOR-10K,living_room,0.742,0.881
ProcTHOR-10K,kitchen,0.751,0.751
ProcTHOR-10K,bedroom,0.772,1.206
ProcTHOR-10K,bathroom,0.667,0.891
ProcTHOR-10K,balcony,0.0,0.0
ProcTHOR-10K,hallway,0.0,0.0
ProcTHOR-10K,dining_room,0.0,0.0
ProcTHOR-10K,study,0.0,0.0
ProcTHOR-10K,storage,0.0,0.0
ProcTHOR-10K,garage,0.0,0.0
ProcTHOR-10K,laundry,0.0,0.0
ProcTHOR-10K,closet,0.0,0.0
ProcTHOR-10K,outdoor,0.0,0.0
ProcTHOR-10K,other,0.0,0.0
