dataset,type,n_rooms,below_min_area,below_min_width,above_max_aspect
CubiCasa5k,balcony,2475,0.00202020202020202,0.011313131313131313,0.00202020202020202
CubiCasa5k,bathroom,7622,0.08094988192075571,0.07688270795066912,0.006822356336919444
CubiCasa5k,bedroom,9417,0.012955293617925029,0.018583412976531804,0.007858128915790592
CubiCasa5k,closet,3122,0.007367072389493914,0.008648302370275465,0.005124919923126201
CubiCasa5k,dining_room,967,0.04653567735263702,0.15201654601861428,0.010341261633919338
CubiCasa5k,garage,689,0.005805515239477504,0.01741654571843251,0.0
CubiCasa5k,hallway,6120,0.030392156862745098,0.052941176470588235,0.01046777886817141
CubiCasa5k,kitchen,4672,0.02183219178082192,0.02889554794520548,0.009845890410958904
CubiCasa5k,laundry,1125,0.008888888888888889,0.009777777777777778,0.0071111111111111115
CubiCasa5k,living_room,4647,0.02108887454271573,0.030557348827200344,0.008177318700236712
CubiCasa5k,other,12371,0.12254466090049308,0.14178320265136204,
CubiCasa5k,outdoor,5422,0.06196975285872372,0.06307635558834379,
CubiCasa5k,storage,2542,0.003933910306845004,0.008261211644374508,0.00944138473642801
CubiCasa5k,study,214,0.0514018691588785,0.07476635514018691,0.009345794392523364
ResPlan,balcony,20862,0.0018214936247723133,0.033601763972773466,0.0010066148979004888
ResPlan,bathroom,38796,0.005825342818847304,0.004046808949376224,0.0010825858335910918
ResPlan,bedroom,39118,0.004396952809448336,0.006799938647170101,0.0016616391431054757
ResPlan,garage,335,0.04776119402985075,0.04776119402985075,0.026865671641791045
ResPlan,kitchen,16263,0.005595523581135092,0.010576154461046547,0.0037508454774641824
ResPlan,living_room,16565,0.012858436462420767,0.01364322366435255,0.0018714156353757923
ResPlan,other,728,0.006868131868131868,0.01510989010989011,
ResPlan,outdoor,827,0.0,0.10519951632406288,
ResPlan,storage,1727,0.0011580775911986102,0.008685581933989578,0.0
RPLAN,balcony,12876,0.0028735632183908046,0.04170549860205033,0.002096924510717614
RPLAN,bathroom,14578,0.003155439703663054,0.010769652901632598,0.002263685004801756
RPLAN,bedroom,27675,0.001878952122854562,0.005456187895212286,0.0005781391147244805
RPLAN,closet,164,0.006097560975609756,0.024390243902439025,0.018292682926829267
RPLAN,dining_room,186,0.03225806451612903,0.16666666666666666,0.005376344086021506
RPLAN,hallway,36,0.05555555555555555,0.1111111111111111,0.027777777777777776
RPLAN,kitchen,11592,0.011300897170462388,0.10239820565907523,0.004227053140096618
RPLAN,living_room,12063,8.289811821271657e-05,0.0003315924728508663,0.0002486943546381497
RPLAN,storage,494,0.032388663967611336,0.0951417004048583,0.012145748987854251
RPLAN,study,2283,0.017520805957074025,0.03810775295663601,0.002190100744634253
Swiss Dwellings,balcony,48422,0.010429143777621741,0.03196893973813556,0.006897691132130023
Swiss Dwellings,bathroom,68434,0.051889411695940614,0.08622906742262618,0.0009644328842388286
Swiss Dwellings,bedroom,105615,1.89367040666572e-05,0.0012214174122993893,0.0005112910097997443
Swiss Dwellings,dining_room,1315,0.00988593155893536,0.0714828897338403,0.0
Swiss Dwellings,hallway,53392,0.0038769853161522328,0.004026820497452802,
Swiss Dwellings,kitchen,44126,0.011308525585822418,0.0407242895345148,0.002628835607125051
Swiss Dwellings,living_room,32659,0.00036743317309164395,0.0009492023638200802,0.0009798217949110505
Swiss Dwellings,other,73,0.0,0.0,
Swiss Dwellings,outdoor,364,0.0,0.0,
Swiss Dwellings,storage,14354,0.045353211648321026,0.06701964609168176,0.0039013515396405184
Swiss Dwellings,study,7,0.0,0.0,0.0
MagicPlan,balcony,2153,0.025081281932187643,0.08221086855550395,0.0074314909428704135
MagicPlan,bathroom,10211,0.06884732151601214,0.09901087062971306,0.006463617667221624
MagicPlan,bedroom,12504,0.031269993602047345,0.05110364683301344,0.005678182981445937
MagicPlan,closet,3416,0.1094847775175644,0.20228337236533958,0.01288056206088993
MagicPlan,dining_room,1511,0.024487094639311716,0.054268696227663796,0.009927200529450696
MagicPlan,garage,697,0.09325681492109039,0.08464849354375897,0.00860832137733142
MagicPlan,hallway,9206,0.022268086030849447,0.03345644145122746,0.027888446215139442
MagicPlan,kitchen,5303,0.03036017348670564,0.05770318687535357,0.004148595134829342
MagicPlan,laundry,1097,0.023701002734731084,0.06836827711941659,0.004557885141294439
MagicPlan,living_room,6164,0.055321219987021414,0.06262167423750811,0.0027579493835171967
MagicPlan,other,6459,0.007121845486917479,0.011921350054187955,
MagicPlan,outdoor,103,0.009708737864077669,0.019417475728155338,
MagicPlan,storage,902,0.0033259423503325942,0.007760532150776054,0.008869179600886918
MagicPlan,study,1502,0.05392809587217044,0.09054593874833555,0.020639147802929428
MSD,balcony,15656,0.01111394992335207,0.03468318855390905,0.0075370464997445066
MSD,bathroom,22556,0.04690547969498138,0.08427912750487675,0.0016846958680617132
MSD,bedroom,34081,0.00011736744813825886,0.0016724861359701886,0.000821572136967812
MSD,dining_room,446,0.008968609865470852,0.07623318385650224,0.0
MSD,hallway,20535,0.00399318237156075,0.0036036036036036037,
MSD,kitchen,14260,0.015848527349228612,0.04319775596072931,0.003015427769985975
MSD,living_room,10646,0.0,0.0006575239526582754,0.00018786398647379298
MSD,other,8149,0.03767333415142962,0.0501902073874095,
MSD,storage,5903,0.03676096899881416,0.05929188548195832,0.004743350838556666
LIFULL,balcony,8472,,,0.003895184135977337
LIFULL,bathroom,24042,,,0.005989518342899925
LIFULL,bedroom,14076,,,0.007743677181017335
LIFULL,closet,17256,,,0.0007533611497450162
LIFULL,dining_room,7,,,0.14285714285714285
LIFULL,hallway,5467,,,
LIFULL,kitchen,10804,,,0.014068863383931877
LIFULL,living_room,1446,,,0.019363762102351315
LIFULL,other,43,,,
ProcTHOR-10K,bathroom,891,0.0,0.0,0.03254769921436588
ProcTHOR-10K,bedroom,1206,0.0008291873963515755,0.014096185737976783,0.020729684908789386
ProcTHOR-10K,kitchen,751,0.0013315579227696406,0.0,0.0013315579227696406
ProcTHOR-10K,living_room,881,0.018161180476730987,0.07377979568671963,0.0022701475595913734
