,variant,condition,ref,scale,scale_known,frame_aligned,raster,n_samples,n_gt_inputs,yield,gt_n_rooms,gt_n_rooms_declared,gt_n_living_room,gt_n_kitchen,gt_n_bedroom,gt_n_bathroom,gt_n_balcony,gt_n_entrance,gt_n_dining_room,gt_n_study,gt_n_storage,gt_n_corridor,gt_n_garage,gt_n_laundry,gt_n_closet,gt_n_outdoor,gt_n_other,gt_frac_invalid_polygons,gt_overlap_ratio,gt_hole_ratio,gt_n_components,gt_boundary_coverage,gt_outside_boundary_ratio,gt_adj_components,gt_frac_isolated_rooms,gt_mean_rectilinear,gt_frac_nonrectilinear_rooms,gt_mean_convexity,gt_mean_corners,gt_frac_aspect_violation,gt_total_area_m2,gt_frac_area_violation,gt_frac_width_violation,gt_any_rule_violation,n_rooms,n_rooms_declared,n_living_room,n_kitchen,n_bedroom,n_bathroom,n_balcony,n_entrance,n_dining_room,n_study,n_storage,n_corridor,n_garage,n_laundry,n_closet,n_outdoor,n_other,frac_invalid_polygons,overlap_ratio,hole_ratio,n_components,boundary_coverage,outside_boundary_ratio,adj_components,frac_isolated_rooms,mean_rectilinear,frac_nonrectilinear_rooms,mean_convexity,mean_corners,frac_aspect_violation,total_area_m2,frac_area_violation,frac_width_violation,any_rule_violation,room_count_abs_err,room_count_match,type_hist_l1,type_multiset_match,adjacency_f1,type_miou,pixel_type_acc,dist_room_count_tv,dist_room_type_jsd,dist_area_frac_w1,dist_aspect_w1,dist_convexity_w1,dist_room_area_m2_w1,dist_total_area_m2_w1,fid,kid_x1000,kid_std_x1000,fid_vs_gt,kid_vs_gt_x1000,fid_gt_vs_ref
housegan/lifull_bubble_testD,housegan/lifull_bubble_testD,bubble,housegan_lifull:all,0.0703125,False,False,True,5000,5000.0,1.0,10.8562,10.8562,0.2644,1.0554,1.9974,3.0436,1.0538,0.0,0.0008,0.0,0.0,0.9964,0.0,0.0,2.4444,0.0,0.0,0.0,0.07380009433669986,0.0,1.1634,,,1.1634,0.009712424242424243,1.0,0.0,1.0,4.0,0.006958484848484849,,,,0.8222,10.5182,10.5182,0.2838,1.1246,2.0632,2.8664,1.1738,0.0,0.0002,0.0,0.0,0.9182,0.0,0.0,2.088,0.0,0.0,0.0035174142524142527,0.23597836888385787,0.0038597248015949832,1.2064,,,1.1936,0.012242980805743965,1.0,,0.968539687905106,6.3850003795464945,0.013876539828420636,,,,1.0,1.0524,0.3386,1.614,0.2224,0.8191166753671337,,,0.4636,0.004031109569845385,0.027456197461410217,0.0804911354120402,0.011397683539499577,,,42.87507394329596,57.29240386596443,4.857459731107098,31.64402563324368,42.10477974817031,28.203302785511355
houseganpp/rplan-g2p_bubble_test1000_syndoors,houseganpp/rplan-g2p_bubble_test1000_syndoors,bubble,rplan_graph2plan:test,0.0703125,True,False,True,1000,1000.0,1.0,6.753,6.753,1.0,0.955,2.301,1.208,1.06,0.002,0.01,0.17,0.04,0.0,0.0,0.0,0.0,0.0,0.007,0.0,0.0,0.0,1.0,,,1.0,0.0,1.0,0.0,0.9700108338685027,5.017946428571429,0.0015952380952380949,84.67176104736328,0.004891666666666666,0.02436785714285714,0.159,7.065,7.065,1.176,0.957,2.463,1.206,1.023,0.003,0.011,0.184,0.035,0.0,0.0,0.0,0.0,0.0,0.007,0.002059920634920635,2.0038037973066724e-06,0.0012781142678473985,1.005,,,1.016,0.0018452380952380953,0.9869445109083481,,0.9731165101382896,5.64567481962482,0.02339729437229437,91.68467321777344,0.05803556998556998,0.08737052669552671,0.54,0.624,0.522,0.754,0.478,0.7971476881496731,,,0.17556271242642796,0.0023751943558990266,0.01975644390708355,0.14809720259076764,0.010094069928970974,1.822918320633846,7.142745284855826,19.69558284158071,17.403040110070734,0.816407721339046,20.588305917435925,17.0798460582553,1.3670388857780909
houseganpp/rplan_bubble_public,houseganpp/rplan_bubble_public,bubble,rplan_graph2plan:test,0.0703125,True,False,True,700,7.0,1.0,6.142857142857143,6.142857142857143,1.0,1.0,2.142857142857143,1.0,1.0,0.0,0.0,0.0,0.0,0.0,0.0,0.0,0.0,0.0,0.0,0.0,0.0,0.0,1.0,,,1.0,0.0,1.0,0.0,0.9582743094570878,5.1401360544217685,0.0,69.24776785714286,0.0,0.0,0.0,6.215714285714285,6.215714285714285,1.09,0.9757142857142858,2.2185714285714284,0.9585714285714285,0.9728571428571429,0.0,0.0,0.0,0.0,0.0,0.0,0.0,0.0,0.0,0.0,0.0022074829931972785,9.83112343613211e-05,0.00018785937300332413,1.0,,,1.0042857142857142,0.0005215419501133786,0.989690622564306,,0.9679130833154732,5.682366213151927,0.016665532879818593,94.68829229676878,0.012457482993197279,0.03195804988662131,0.2557142857142857,0.47285714285714286,0.5985714285714285,0.6385714285714286,0.5371428571428571,0.7443776505626601,,,0.2698871401333476,0.02127929916541643,0.02056067423040848,0.12340261260815782,0.006089040923541579,2.7950051837178225,10.130246569438757,18.001227706146043,16.259022841286363,0.8300097831650776,,,
house_diffusion/rplan-g2p_bubble_test1000_syndoors,house_diffusion/rplan-g2p_bubble_test1000_syndoors,bubble,rplan_graph2plan:test,0.0703125,True,False,False,997,997.0,1.0,6.749247743229689,6.749247743229689,1.0,0.954864593781344,2.299899699097292,1.2066198595787363,1.0601805416248746,0.0020060180541624875,0.010030090270812437,0.17051153460381144,0.03811434302908726,0.0,0.0,0.0,0.0,0.0,0.007021063189568706,0.0,0.0,0.0,1.0,,,1.0,0.0,1.0,0.0,0.9700416682877713,5.013236136982376,0.0016000382098676981,84.63907353163005,0.0049063858241390835,0.02431580455652672,0.1584754262788365,6.749247743229689,6.749247743229689,1.0,0.954864593781344,2.299899699097292,1.2066198595787363,1.0601805416248746,0.0020060180541624875,0.010030090270812437,0.17051153460381144,0.03811434302908726,0.0,0.0,0.0,0.0,0.0,0.007021063189568706,0.010481444332998996,0.019612886629451234,0.0008070748677563098,1.0010030090270812,,,1.0,0.0,0.999296293236802,0.007390027224530734,0.9543517537160151,6.400994650618522,0.0047117543105507,85.14815744171361,0.008027654391746668,0.03283182881979271,0.3801404212637914,0.0,1.0,0.0,1.0,0.8790888908957734,,,0.028733552061307035,0.0016472368145684579,0.0066672322723968875,0.05617866123652333,0.014783971655672475,0.6277524923207926,1.2783377988846063,17.354206679239724,18.607266762075003,1.1217553168441288,18.721340411983178,19.293296963635516,1.3756740967672239
house_diffusion/rplan_bubble_public,house_diffusion/rplan_bubble_public,bubble,rplan_graph2plan:test,0.0703125,True,False,False,700,7.0,1.0,6.142857142857143,6.142857142857143,1.0,1.0,2.142857142857143,1.0,1.0,0.0,0.0,0.0,0.0,0.0,0.0,0.0,0.0,0.0,0.0,0.0,0.0,0.0,1.0,,,1.0,0.0,1.0,0.0,0.9582743094570878,5.1401360544217685,0.0,69.24776785714286,0.0,0.0,0.0,6.142857142857143,6.142857142857143,1.0,1.0,2.142857142857143,1.0,1.0,0.0,0.0,0.0,0.0,0.0,0.0,0.0,0.0,0.0,0.0,0.00661904761904762,0.0015285997159855441,0.000497530995937996,1.002857142857143,,,1.0,0.0,0.9992654981930754,0.006312925170068028,0.9601379526091557,6.2230068027210885,0.0002040816326530612,82.94824764924707,0.001326530612244898,0.011462585034013604,0.08428571428571428,0.0,1.0,0.0,1.0,0.837711820625686,,,0.3327885742707926,0.020464519500894247,0.015663221033750813,0.027372122400574506,0.010142691586046956,1.1640163025572858,2.312583929218162,14.966868968694758,14.649343138227628,0.6317043350592291,,,
gsdiff/rplan_uncond,gsdiff/rplan_uncond,unconditional,rplan_graph2plan:test,0.0703125,True,False,False,3000,,,,,,,,,,,,,,,,,,,,,,,,,,,,,,,,,,,,,6.653333333333333,6.653333333333333,1.0166666666666666,0.9203333333333333,2.5803333333333334,1.121,0.96,0.0,0.0,0.0,0.055,0.0,0.0,0.0,0.0,0.0,0.0,0.0,0.013567832606625719,8.141441523397436e-05,1.0653333333333332,0.999956477451551,0.0,1.053,0.010792460317460317,0.9946521829160072,0.039755802530802534,0.9647872526666995,5.183780827505828,0.008332767232767232,85.95299967521716,0.02268571336071336,0.034339681614681615,0.26266666666666666,,,,,,,,0.10922937909309459,0.018000734824830156,0.00764051458712758,0.04257450267786868,0.004964433787835429,0.6788027341645946,4.398942219434944,5.14680464769191,3.454529485531417,0.5086744161222918,,,
gsdiff/rplan_bubble_test1000,gsdiff/rplan_bubble_test1000,bubble,rplan_graph2plan:test,0.0703125,True,False,False,1000,1000.0,1.0,6.753,6.753,1.019,0.955,2.471,1.208,1.06,0.0,0.0,0.0,0.04,0.0,0.0,0.0,0.0,0.0,0.0,0.0,0.0,0.0,1.0,1.0,0.0,1.0,0.0,1.0,0.0,0.9700108338685027,5.017946428571429,0.0017202380952380952,84.67176104736328,0.006621428571428571,0.027133333333333332,0.176,6.727,6.727,0.99,0.948,2.512,1.19,1.052,0.0,0.0,0.0,0.035,0.0,0.0,0.0,0.0,0.0,0.0,0.0,0.007021401115299149,1.1786540069692575e-19,1.056,0.9999990410952144,0.0,1.049,0.007223809523809524,0.9926769126095124,0.061126046176046174,0.9665232259101784,5.119884992784994,0.009513672438672438,85.16690399458182,0.01938997113997114,0.028164971139971143,0.211,0.326,0.75,0.422,0.719,0.9048062774661702,,,0.10256271242642796,0.01695556474107497,0.0059246395161320995,0.06163183912918212,0.003825729050001747,0.4158883443573041,2.7795863287710385,13.74210602320146,12.07736912386041,0.9798698510914848,14.96570561801062,12.595322319404145,1.4383695267064658
gsdiff/rplan_boundary_test1000,gsdiff/rplan_boundary_test1000,boundary,rplan_graph2plan:test,0.0703125,True,True,False,1000,1000.0,1.0,6.753,6.753,1.019,0.955,2.471,1.208,1.06,0.0,0.0,0.0,0.04,0.0,0.0,0.0,0.0,0.0,0.0,0.0,0.0,0.0,1.0,1.0,0.0,1.0,0.0,1.0,0.0,0.9700108338685027,5.017946428571429,0.0017202380952380952,84.67176104736328,0.006621428571428571,0.027133333333333332,0.176,6.325,6.325,1.006,0.94,2.379,1.059,0.935,0.0,0.0,0.0,0.006,0.0,0.0,0.0,0.0,0.0,0.0,0.0,0.012744791782228943,0.00010792787943867202,1.065,0.9997972446329088,0.0,1.052,0.009439285714285713,0.9947084877005312,0.03662081529581529,0.9677235741218219,5.029082431457431,0.007735317460317461,82.09544232141496,0.01721320346320346,0.029181854256854257,0.235,0.854,0.367,1.396,0.233,0.7331562742039017,0.4522997983388977,0.6423465997490907,0.2076014258476333,0.018963943521158943,0.01195517244074404,0.0355272401814485,0.0017911562504040828,0.7226601396091763,2.4844556516653378,13.043570416724505,10.722117081689282,0.7807523764647079,14.168209692793436,11.371702066834901,1.4383695267064658
iplan/rplan_boundary_test1000,iplan/rplan_boundary_test1000,boundary,rplan_graph2plan:test,0.0703125,True,True,False,966,966.0,1.0,6.75983436853002,6.75983436853002,1.0,0.9554865424430642,2.3053830227743273,1.2111801242236024,1.054865424430642,0.002070393374741201,0.010351966873706004,0.17184265010351968,0.041407867494824016,0.0,0.0,0.0,0.007246376811594203,0.0,0.0,0.0,0.0,0.0,1.0,1.0,0.0,1.0,0.0,1.0,0.0,0.9698577501939235,5.022854431627724,0.0016513851917578624,84.78393194542168,0.004915951888001577,0.024775707384403038,0.16045548654244307,6.716356107660456,6.716356107660456,1.1221532091097308,0.9772256728778468,2.2215320910973086,1.1645962732919255,1.0331262939958592,0.0,0.002070393374741201,0.17080745341614906,0.024844720496894408,0.0,0.0,0.0,0.0,0.0,0.0,0.0,3.0333670374115268e-05,0.0,1.0,0.9981864612737177,0.0,1.0,0.0,1.0,0.0,0.9605659924597455,6.108804922935357,0.0069308882973479246,86.89198142105008,0.01907473134181209,0.03447903315915738,0.2246376811594203,0.7287784679089027,0.40890269151138714,1.650103519668737,0.18530020703933747,0.7278800395063989,0.44181533787499716,0.6852908565285687,0.07813018917762492,0.0026051538557539068,0.006962903496125364,0.06830147207902855,0.008926477903227242,0.6333154605303355,2.315166863007147,4.809005706336341,3.6513264050462624,0.4923851630892354,5.704479641155373,3.8199281026224075,1.4195732157196332
diffplanner/rplan_boundary_test,diffplanner/rplan_boundary_test,boundary,rplan_graph2plan:test,0.0703125,True,True,False,12002,12002.0,1.0,6.789451758040326,6.789451758040326,1.0,0.9612564572571238,2.2945342442926178,1.2079653391101484,1.0667388768538577,0.0028328611898017,0.015414097650391602,0.1893851024829195,0.0380769871688052,0.0,0.0,0.0,0.01324779203466089,0.0,0.0,0.0,1.350476193038049e-20,4.741841923440709e-06,1.0,1.0,0.0,1.0,0.0,1.0,0.0,0.9694935155193981,5.0396158179985875,0.0017108259734488695,84.55686400695913,0.0035865054236992244,0.026058454543290404,0.16697217130478254,6.631228128645226,6.631228128645226,1.0324112647892019,0.9429261789701716,2.459090151641393,1.1690551574737544,0.9928345275787369,0.0,0.0,0.0,0.034910848191968005,0.0,0.0,0.0,0.0,0.0,0.0,0.00371783274216202,0.0003755176741218796,3.449417367909587e-05,1.0003332777870355,0.9998986656168027,5.769830756490347e-06,1.0001666388935178,2.8566667460185206e-05,0.9999019733808553,0.0006397743233270645,0.951227070287686,5.478468271161155,0.01846507724902992,84.54961970688598,0.03456487410828354,0.08394493774847049,0.46375604065989,0.7227962006332278,0.41493084485919013,1.6641393101149808,0.17955340776537243,0.70281507743715,0.3770704475878889,0.6260341928238612,0.06827598008859309,0.01701549709187823,0.007096598236054243,0.14205412833405268,0.018334172155859974,0.5727880193460166,0.02916530654444492,0.7432173461699165,0.47016506884817844,0.15293510018486203,0.7488885045832832,0.42445077252726726,0.0011238176507287316
wallplan/rplan_boundary_test1000,wallplan/rplan_boundary_test1000,boundary,rplan_graph2plan:test,0.0703125,True,True,False,992,992.0,1.0,6.756048387096774,6.756048387096774,1.0,0.9556451612903226,2.3024193548387095,1.2076612903225807,1.061491935483871,0.0020161290322580645,0.010080645161290322,0.1693548387096774,0.04032258064516129,0.0,0.0,0.0,0.007056451612903226,0.0,0.0,0.0,0.0,0.0,1.0,1.0,0.0,1.0,0.0,1.0,0.0,0.9700623723148248,5.015297379032258,0.0016081029185867895,84.75394525835591,0.00493111559139785,0.024420362903225808,0.1592741935483871,6.484879032258065,6.484879032258065,1.001008064516129,0.998991935483871,2.1955645161290325,1.1612903225806452,0.9808467741935484,0.0,0.0,0.0,0.14717741935483872,0.0,0.0,0.0,0.0,0.0,0.0,0.00020161290322580645,0.0,0.0,1.0060483870967742,0.9851367128810257,1.1630587084837747e-05,1.003024193548387,0.0005400345622119815,1.0,0.0,0.9734767501921491,4.809324014918773,0.0016249039938556068,84.28975185271233,0.0053023393497183815,0.017824849881301494,0.12298387096774194,0.9203629032258065,0.3477822580645161,1.7328629032258065,0.16431451612903225,0.7013067796685206,0.43292919153761983,0.6559783926747634,0.19270787371675052,0.02029823962401222,0.010008040415486297,0.022273542321157712,0.004369132638552276,0.746272090032261,0.4904747697539305,2.7411560756478366,1.18360520249583,0.46120834463000626,3.2180742568425647,0.904421619696496,1.378356016509598
wallplan/bundled_boundary_test500,wallplan/bundled_boundary_test500,boundary,rplan_graph2plan:test,0.0703125,True,False,False,499,,,,,,,,,,,,,,,,,,,,,,,,,,,,,,,,,,,,,6.370741482965932,6.370741482965932,1.0,1.0,2.2104208416833666,1.0961923847695392,0.9819639278557114,0.0,0.0,0.0,0.08216432865731463,0.0,0.0,0.0,0.0,0.0,0.0,0.0006870884626395649,0.0018721546075395582,0.0,1.002004008016032,0.9882255838879879,4.134783461231171e-05,1.002004008016032,0.000286286859433152,1.0,0.0,0.9741136309403765,4.826449724846518,0.0006870884626395649,82.98716916254384,0.0029320545853611982,0.010299169768107644,0.06813627254509018,,,,,,,,0.24285593486566937,0.017699260723698297,0.01168366244456755,0.06382668103138299,0.005166790050197049,0.8977748143118065,3.424938453079977,6.619763948863746,4.746349666487237,0.6623990648709072,,,
maskplan/rplan_boundary,maskplan/rplan_boundary,boundary,rplan_graph2plan:test,0.140625,True,True,True,500,500.0,1.0,6.8,6.8,1.0,0.968,2.244,1.212,1.112,0.002,0.026,0.188,0.034,0.0,0.0,0.0,0.014,0.0,0.0,0.0,0.0,0.0,1.0,1.0,0.0,1.0,0.0,1.0,0.0,0.9702283884565973,5.00997380952381,0.0022976190476190475,83.5764169921875,0.004035714285714286,0.032554761904761906,0.196,5.112,5.112,1.022,0.73,1.636,0.866,0.85,0.0,0.0,0.0,0.008,0.0,0.0,0.0,0.0,0.0,0.0,0.0,0.0008054530967160437,0.0,1.0,0.997854505313221,0.0,1.0,0.0,0.9774587627233475,,0.9186310343040971,7.24155873015873,0.02462777777777778,84.72766946016334,0.09677142857142858,0.14208650793650793,0.574,1.784,0.15,2.3,0.076,0.5653548782199986,0.2804417551421279,0.5714044507233452,0.604562712426428,0.020535797413220407,0.05783227141437431,0.18844783495640732,0.0500610649648487,4.949901371968381,0.41086142469119546,45.950310512238175,51.71656555899404,1.1853747380969852,47.265817080296266,51.477172382435526,2.865451057464359
maskplan/rplan_partial25,maskplan/rplan_partial25,boundary+partial,rplan_graph2plan:test,0.140625,True,True,True,500,500.0,1.0,6.8,6.8,1.0,0.968,2.244,1.212,1.112,0.002,0.026,0.188,0.034,0.0,0.0,0.0,0.014,0.0,0.0,0.0,0.0,0.0,1.0,1.0,0.0,1.0,0.0,1.0,0.0,0.9702283884565973,5.00997380952381,0.0022976190476190475,83.5764169921875,0.004035714285714286,0.032554761904761906,0.196,6.226,6.226,1.026,0.902,1.884,1.082,1.282,0.0,0.002,0.0,0.048,0.0,0.0,0.0,0.0,0.0,0.0,0.0,0.0006189198244941543,0.0,1.0,0.9978277000765635,0.0,1.0,0.0,0.9795565497479998,,0.9203010130237826,7.093882972582973,0.022721572871572872,84.64199441410848,0.10107258297258298,0.14537417027417027,0.626,1.006,0.294,1.842,0.122,0.669216860213666,0.46072106034948757,0.7081151611101547,0.2596014258476333,0.019275860153040374,0.03379919314010102,0.25238534835283255,0.04839490833617982,2.903107865508281,0.4041753230397711,43.50401998811432,49.071844575470294,1.3752090977434552,44.93632133649625,49.0497377877924,2.865451057464359
chathousediffusion/t2d_test_textgraph,chathousediffusion/t2d_test_textgraph,text+boundary,tell2design:test,0.28125,True,True,True,2308,2308.0,1.0,6.8184575389948,6.8184575389948,1.0,0.958838821490468,2.300259965337955,1.201473136915078,1.0901213171577122,0.0,0.014731369150779897,0.20103986135181975,0.03856152512998267,0.0,0.0,0.0,0.013431542461005199,0.0,0.0,0.0,-2.013786834294315e-18,3.987618841255452e-06,1.0008665511265165,0.8653816212890905,0.0,1.0043327556325823,0.0006395972600478666,0.9989458027026529,0.017462036807790706,0.9654698235712043,4.973230791450029,0.00824461500371379,70.09009267826583,0.035048898242139144,0.09055562432945448,0.5216637781629117,7.0168977469670715,7.0168977469670715,1.0658578856152514,0.9857019064124783,2.399913344887348,1.1620450606585788,1.0545927209705372,0.03292894280762565,0.02123050259965338,0.1975736568457539,0.06152512998266898,0.0,0.0,0.0,0.03552859618717504,0.0,0.0,0.0,3.338734752404015e-05,2.050290840014435e-05,1.0012998266897748,0.8651773570440988,0.0,1.0060658578856152,0.0006738279051970559,0.9956628782290035,,0.9627181139776964,5.058705094731958,0.013754012692487562,69.85615092227795,0.07106509536102257,0.14174536348496483,0.6325823223570191,0.5138648180242634,0.6191507798960139,1.2920277296360485,0.40424610051993065,0.7776570198006647,0.5130467653994152,0.7115272482267606,0.10398613518197578,0.019834236653762334,0.009778013718850832,0.0850160892865553,0.0024295031882472467,0.9593913815829965,4.276322023386591,3.450891362694334,1.469782881407511,0.33221507769658326,2.2661445781083653,0.7488030130663326,2.94137134015356
ds2d/rplan5R_bubble_roomarea_test,ds2d/rplan5R_bubble_roomarea_test,bubble+areas,rplan_graph2plan:test,0.0703125,True,False,False,500,500.0,1.0,5.0,5.0,1.0,0.896,1.898,1.004,0.162,0.0,0.008,0.026,0.006,0.0,0.0,0.0,0.0,0.0,0.0,0.0,0.0,0.0,1.0,,,1.0,0.0,1.0,0.0,0.9670889937488557,5.118,0.002,74.14731298828124,0.0032,0.022,0.11,7.954,7.954,1.0,1.008,2.362,1.72,1.824,0.0,0.008,0.026,0.006,0.0,0.0,0.0,0.0,0.0,0.0,0.011785714285714285,0.04949872561328601,0.006472671838985416,1.112,,,1.166,0.0185,0.9994803176726669,0.0025357142857142857,0.9652766009735617,4.680407142857144,0.029633333333333334,86.95282189752322,0.012333333333333332,0.0974547619047619,0.84,2.962,0.008,2.962,0.008,0.6924466311219777,,,0.7291091768216862,0.01919283370906837,0.021498658109832692,0.5590815064607041,0.005507446697836858,1.2001941131914704,3.0330087639816905,29.17537567730571,32.40912148812475,0.6270959460183032,31.855089142320928,34.6153080627057,9.391664273766834
ds2d/rplan6R_bubble_roomarea_test,ds2d/rplan6R_bubble_roomarea_test,bubble+areas,rplan_graph2plan:test,0.0703125,True,False,False,500,500.0,1.0,6.0,6.0,1.0,0.96,2.084,1.018,0.808,0.002,0.012,0.09,0.02,0.0,0.0,0.0,0.006,0.0,0.0,0.0,0.0,0.0,1.0,,,1.0,0.0,1.0,0.0,0.9709050765691961,4.995333333333334,0.002,78.01540905761719,0.0026666666666666666,0.022666666666666665,0.132,5.954,5.954,0.99,0.956,2.066,1.01,0.804,0.002,0.012,0.088,0.02,0.0,0.0,0.0,0.006,0.0,0.0,0.011233333333333333,0.0307463137733804,0.0033360564934647717,1.022,,,1.05,0.0075,0.9992637899920503,0.005633333333333333,0.9558153279477476,5.057566666666666,0.0089,76.83274364648922,0.0030666666666666663,0.048299999999999996,0.51,0.046,0.97,0.046,0.97,0.8732275582003136,,,0.6701372792837603,0.003453315618119443,0.020749415697412524,0.09285236915999172,0.013679877503666707,0.8196087129331264,8.704237116361277,32.760520317371785,37.814142616693275,0.9092217587216809,31.73113181123415,33.90121572883286,4.679255817709724
ds2d/rplan7R_bubble_roomarea_test,ds2d/rplan7R_bubble_roomarea_test,bubble+areas,rplan_graph2plan:test,0.0703125,True,False,False,500,500.0,1.0,7.0,7.0,1.0,0.972,2.334,1.128,1.262,0.002,0.018,0.244,0.026,0.0,0.0,0.0,0.014,0.0,0.0,0.0,0.0,0.0,1.0,,,1.0,0.0,1.0,0.0,0.9707765914147919,5.041142857142857,0.0014285714285714284,84.047466796875,0.0054285714285714284,0.027999999999999997,0.184,7.354,7.354,0.998,0.968,2.324,1.134,1.628,0.002,0.016,0.242,0.028,0.0,0.0,0.0,0.014,0.0,0.0,0.012071428571428571,0.032618109546016794,0.0040915809496280715,1.054,,,1.134,0.01788095238095238,0.9996604636182523,0.0033452380952380947,0.9600627417030845,4.884116666666666,0.015273809523809521,84.69048680666212,0.024999999999999998,0.07439285714285714,0.728,0.434,0.59,0.434,0.59,0.8460122633024236,,,0.3743985741523667,0.0054687220308111744,0.01235965859439038,0.307342518744471,0.008929832113645012,0.9907409676797907,1.2681874717499289,34.1685965962614,39.40057095874992,0.7391563198450972,35.69143693644338,40.37143946901942,2.9559280958160947
ds2d/rplan8R_bubble_roomarea_test,ds2d/rplan8R_bubble_roomarea_test,bubble+areas,rplan_graph2plan:test,0.0703125,True,False,False,500,500.0,1.0,8.0,8.0,1.0,0.988,2.642,1.556,1.372,0.008,0.02,0.282,0.096,0.0,0.0,0.0,0.036,0.0,0.0,0.0,0.0,0.0,1.0,,,1.0,0.0,1.0,0.0,0.9674781297339466,5.0935,0.00175,95.05268920898438,0.004,0.03075,0.228,7.948,7.948,0.984,0.978,2.638,1.546,1.364,0.008,0.02,0.28,0.094,0.0,0.0,0.0,0.034,0.0,0.002,0.01617857142857143,0.08097701789184353,0.003784256583553462,1.042,,,1.064,0.008357142857142858,0.9991179614872505,0.006178571428571428,0.9605822219187239,4.9161785714285715,0.017857142857142856,86.64670414780372,0.006607142857142857,0.06482142857142856,0.808,0.052,0.962,0.056,0.96,0.8422954454740147,,,0.7071091768216862,0.0032285172963811017,0.021395288889899826,0.20288573438557336,0.008958186387352737,1.0490037357384572,2.9596410766685994,34.903491781158834,40.69011431765558,0.6234883947279398,41.16314303413124,50.436792293357875,6.664781011590075
ds2d/procthor_bubble_constraints_test_lora-fullprompt,ds2d/procthor_bubble_constraints_test_lora-fullprompt,constraints,procthor10k:test,1.0,True,False,False,1000,1000.0,1.0,3.534,3.534,0.869,0.727,1.101,0.837,0.0,0.0,0.0,0.0,0.0,0.0,0.0,0.0,0.0,0.0,0.0,0.0,-5.491901789283792e-19,0.0,1.0,,,1.0,0.238,1.0,0.0,0.9559565264358588,4.875123809523809,0.01044404761904762,97.02926,0.0036499999999999996,0.02616428571428571,0.111,3.534,3.534,0.869,0.727,1.101,0.837,0.0,0.0,0.0,0.0,0.0,0.0,0.0,0.0,0.0,0.0,0.0,0.003701190476190476,0.029335766651898094,0.0012545904511415294,1.024,,,1.007,0.23853333333333332,0.9997518670542822,0.0017428571428571428,0.9608429126332891,4.803709523809523,0.009536904761904762,93.21602499999999,0.004009523809523809,0.025990476190476185,0.275,0.0,1.0,0.0,1.0,0.9432619315316049,,,0.06600000000000002,0.00016939045901855348,0.01594605699879263,0.028392748730280106,0.005897672749942867,0.6026586719185543,8.021796080000001,3.797801728463809,0.634342262902301,0.2473831122143938,3.337578760620721,0.27698144461600904,2.143099291305218
ds2d/procthor_bubble_constraints_test_lora-mask,ds2d/procthor_bubble_constraints_test_lora-mask,constraints,procthor10k:test,1.0,True,False,False,1000,1000.0,1.0,3.534,3.534,0.869,0.727,1.101,0.837,0.0,0.0,0.0,0.0,0.0,0.0,0.0,0.0,0.0,0.0,0.0,0.0,-5.491901789283792e-19,0.0,1.0,,,1.0,0.238,1.0,0.0,0.9559565264358588,4.875123809523809,0.01044404761904762,97.02926,0.0036499999999999996,0.02616428571428571,0.111,3.532,3.532,0.867,0.726,1.101,0.836,0.0,0.0,0.0,0.0,0.0,0.0,0.0,0.0,0.0,0.0,0.002,0.006879761904761905,0.023420972126493814,0.0018386142654455947,1.022,,,1.006,0.23845,0.9990058825169562,0.005909523809523809,0.9633347771788976,4.838696428571429,0.007988095238095239,95.22859296875001,0.0028166666666666665,0.02305119047619048,0.25,0.002,0.999,0.006,0.998,0.9268401713772917,,,0.06700000000000002,0.00044341329009595423,0.016031768779240688,0.03310903069386347,0.005787300607815215,0.9914305247330509,6.180542551250001,3.8753463479341055,0.8131355826871545,0.2878117205710467,3.3398311875160935,0.32677230761715137,2.143099291305218
ds2d/procthor_bubble_constraints_test_lora-presetmask,ds2d/procthor_bubble_constraints_test_lora-presetmask,constraints,procthor10k:test,1.0,True,False,False,995,1000.0,0.995,3.534,3.534,0.869,0.727,1.101,0.837,0.0,0.0,0.0,0.0,0.0,0.0,0.0,0.0,0.0,0.0,0.0,0.0,-5.491901789283792e-19,0.0,1.0,,,1.0,0.238,1.0,0.0,0.9559565264358588,4.875123809523809,0.01044404761904762,97.02926,0.0036499999999999996,0.02616428571428571,0.111,3.5407035175879398,3.5407035175879398,0.871356783919598,0.7256281407035176,1.1045226130653267,0.8391959798994975,0.0,0.0,0.0,0.0,0.0,0.0,0.0,0.0,0.0,0.0,0.0,0.009923426657094999,0.01999006223203216,0.0018614464503530813,1.0130653266331657,,,1.0040201005025127,0.23655778894472362,0.9996355355522838,0.0015936826992103373,0.9653192477058541,4.728860971524289,0.013110792055515673,96.64043530992309,0.003115577889447236,0.028169418521177315,0.25125628140703515,0.0,1.0,0.0,1.0,0.9243313638709522,,,0.06610552763819097,0.00016094351211082877,0.015944277430958338,0.049616155371781295,0.0066885034405791965,1.171669515851409,5.241134286689978,4.507001577699759,1.3931982178151792,0.40342773260192877,3.858326657041901,0.6497248215000884,2.143099291305218
ds2d/procthor_constraints_test_lora-fullprompt,ds2d/procthor_constraints_test_lora-fullprompt,constraints,procthor10k:test,1.0,True,False,False,1000,1000.0,1.0,3.534,3.534,0.869,0.727,1.101,0.837,0.0,0.0,0.0,0.0,0.0,0.0,0.0,0.0,0.0,0.0,0.0,0.0,-5.491901789283792e-19,0.0,1.0,,,1.0,0.238,1.0,0.0,0.9559565264358588,4.875123809523809,0.01044404761904762,97.02926,0.0036499999999999996,0.02616428571428571,0.111,3.534,3.534,0.869,0.727,1.101,0.837,0.0,0.0,0.0,0.0,0.0,0.0,0.0,0.0,0.0,0.0,0.0,0.004713095238095238,0.017886835894176764,0.001894089927990422,1.02,,,1.007,0.23849285714285715,0.9971539599905566,0.017758333333333334,0.9697498780353172,4.641361904761905,0.009629761904761903,95.69765424431402,0.004042857142857142,0.02192738095238095,0.238,0.0,1.0,0.0,1.0,0.9220772640065328,,,0.06600000000000002,0.00016939045901855348,0.016291494945724724,0.02787820430486496,0.01323488790113933,0.8954782230370765,5.74529418168599,5.285570163363897,0.9453439837395372,0.3116992550046001,4.638445931791357,0.31137028256777555,2.143099291305218
ds2d/procthor_constraints_test_lora-mask,ds2d/procthor_constraints_test_lora-mask,constraints,procthor10k:test,1.0,True,False,False,998,1000.0,0.998,3.534,3.534,0.869,0.727,1.101,0.837,0.0,0.0,0.0,0.0,0.0,0.0,0.0,0.0,0.0,0.0,0.0,0.0,-5.491901789283792e-19,0.0,1.0,,,1.0,0.238,1.0,0.0,0.9559565264358588,4.875123809523809,0.01044404761904762,97.02926,0.0036499999999999996,0.02616428571428571,0.111,3.5340681362725452,3.5340681362725452,0.8687374749498998,0.7264529058116233,1.1012024048096192,0.8376753507014028,0.0,0.0,0.0,0.0,0.0,0.0,0.0,0.0,0.0,0.0,0.0,0.009144479435060597,0.020573747554798544,0.001663533229925371,1.0370741482965933,,,1.0150300601202404,0.23913660654642618,0.9995377993974097,0.003844593949804371,0.9651008486746824,4.757286000572574,0.007392165282946845,96.5314929277159,0.004241816967267869,0.025282708273690238,0.26152304609218435,0.001002004008016032,0.998997995991984,0.001002004008016032,0.998997995991984,0.9135007527091805,,,0.0662424849699399,0.00016581540976947726,0.01668744533656397,0.03844528398170725,0.008951902815378315,1.2036416233930953,4.88367211719551,3.71895866902583,0.7811673541626085,0.26456902382798886,3.3125110302255307,0.4680056169125546,2.143099291305218
ds2d/procthor_constraints_test_lora-presetmask,ds2d/procthor_constraints_test_lora-presetmask,constraints,procthor10k:test,1.0,True,False,False,790,1000.0,0.79,3.534,3.534,0.869,0.727,1.101,0.837,0.0,0.0,0.0,0.0,0.0,0.0,0.0,0.0,0.0,0.0,0.0,0.0,-5.491901789283792e-19,0.0,1.0,,,1.0,0.238,1.0,0.0,0.9559565264358588,4.875123809523809,0.01044404761904762,97.02926,0.0036499999999999996,0.02616428571428571,0.111,3.448101265822785,3.448101265822785,0.8810126582278481,0.7974683544303798,1.039240506329114,0.730379746835443,0.0,0.0,0.0,0.0,0.0,0.0,0.0,0.0,0.0,0.0,0.0,0.016901748040988547,0.020946220279881828,0.000568327294562235,1.0113924050632912,,,1.0025316455696203,0.12025316455696203,0.9997886141399065,0.0013185654008438816,0.9488416084112509,5.0574095840868,0.006217600964436407,87.63815822784811,0.005210970464135021,0.04066907775768535,0.2582278481012658,0.0012658227848101266,0.9987341772151899,0.0012658227848101266,0.9987341772151899,0.9098600483807835,,,0.17259493670886072,0.0018854473992933499,0.03771592524633732,0.08830833347559715,0.008894018680022982,1.0182153128763367,15.485875329569623,4.296002934979954,0.6310483920473864,0.13220749483590485,4.663940036109874,1.1211605083310872,2.143099291305218
