,reference,n_samples,n_rooms,n_rooms_declared,n_living_room,n_kitchen,n_bedroom,n_bathroom,n_balcony,n_entrance,n_dining_room,n_study,n_storage,n_corridor,n_garage,n_laundry,n_closet,n_outdoor,n_other,frac_invalid_polygons,overlap_ratio,hole_ratio,n_components,boundary_coverage,outside_boundary_ratio,adj_components,frac_isolated_rooms,mean_rectilinear,frac_nonrectilinear_rooms,mean_convexity,mean_corners,frac_aspect_violation,total_area_m2,frac_area_violation,frac_width_violation,any_rule_violation,n_interior_doors
rplan_graph2plan:test,rplan_graph2plan:test,12063,6.793252093177485,6.793252093177485,1.0,0.9609549863218105,2.294205421536931,1.2084887673049822,1.0673961701069385,0.0029843322556577967,0.015419049987565282,0.18925640387963194,0.04095167039708199,0.0,0.0,0.0,0.013595291386885517,0.0,0.0,0.0,0.0,4.71786344732947e-06,1.0,1.0,0.0,1.0,0.0,1.0,0.0,0.969483092179025,5.040872127678893,0.0018033301358344879,84.57681455804293,0.003976445091839273,0.026640691922960015,0.17085302163640886,0.0
tell2design:test,tell2design:test,2308,6.811958405545927,6.811958405545927,1.0,0.9597053726169844,2.502166377816291,1.2036395147313692,1.0922876949740035,0.0,0.014731369150779897,0.0,0.039428076256499134,0.0,0.0,0.0,0.0,0.0,0.0,0.0,0.0,0.00012013410385185446,1.0,0.8680953331537404,0.0,1.0394280762564991,0.005513947346702979,0.9957160560757995,0.08537488652306677,0.9612313178845752,5.1607178963439795,0.0035090162581497067,74.13247294566453,0.011527193199636875,0.06057192374350087,0.3682842287694974,0.0
housegan_lifull:all,housegan_lifull:all,10000,8.1613,8.1613,0.1446,1.0804,1.4076,2.4042,0.8472,0.0,0.0007,0.0,0.0,0.5467,0.0,0.0,1.7256,0.0,0.0043,0.0,0.003914160582064166,1.663838323679117e-19,1.0987,0.9998576633057048,0.0005530181155233144,1.0972,0.021512613954672775,0.9998260813348575,0.0016291854387442623,0.9792684995571058,4.569027201760452,0.008014815919374743,,,,0.1394,7.1491
procthor10k:test,procthor10k:test,1000,3.729,3.729,0.881,0.751,1.206,0.891,0.0,0.0,0.0,0.0,0.0,0.0,0.0,0.0,0.0,0.0,0.0,0.0,8.411837372115926e-19,0.0,1.0,,,1.0,0.213,1.0,0.0,0.9538307909212449,4.929361904761905,0.014989285714285714,101.16126052599999,0.006116666666666667,0.02310238095238095,0.125,2.413
cubicasa5k:all,cubicasa5k:all,6103,10.061445190889726,10.061445190889726,0.7614288055054891,0.7655251515648042,1.5430116336228084,1.248893986563985,0.405538259872194,1.0018023922660986,0.15844666557430773,0.03506472226773718,0.41651646731115843,0.0009831230542356219,0.11289529739472391,0.1843355726691791,0.5115516958872686,0.8884155333442569,2.0270358839914797,0.0,0.0025277867832584205,0.0009523984736642865,1.037194822218581,,,1.0639029985253154,0.007629722375342686,0.9906964840034616,0.052637071605099,0.9719416068510208,5.236222350318102,0.004675189342371925,89.05761117904567,0.04583545688703651,0.05640544914742239,0.4507619203670326,7.530067180075373
resplan:all,resplan:all,16317,8.28712385855243,8.28712385855243,1.0151988723417296,0.9966905681191396,2.39737696880554,2.3776429490715203,1.2785438499724213,0.0,0.0,0.0,0.10584053441196298,0.0,0.0205307348164491,0.0,0.0,0.05068333639762211,0.04461604461604462,0.003740466873088342,0.0026574478426453873,0.0009852995352091388,1.00576086290372,0.997899915812397,0.06892700854147403,1.0066188637617208,0.0005421072848043637,0.9980638919982223,0.014343832383153374,0.9469109107060543,6.3021899984003245,0.001530645792034558,128.58188711986384,0.005380033234859375,0.011403132839075639,0.13593185021756451,6.371575657289943
swiss_dwellings:all,swiss_dwellings:all,46830,7.8744608157164215,7.8744608157164215,0.6973948323724108,0.9422592355327781,2.255285073670724,1.4613282084134103,1.0339953021567372,0.0,0.028080290412128978,0.00014947683109118088,0.3065129190689729,1.1401238522314756,0.0,0.0,0.0,0.007772795216741405,0.0015588298099508862,0.0,8.935638863089574e-05,0.001252700433848566,1.0117232543241512,,,1.0442237881699765,0.02434166591959435,0.9693471405800108,0.08781353958266193,0.9633738580499046,6.061424409682325,0.001966935628675047,86.60593642358467,0.014022430375063833,0.028340460157506606,0.2502242152466368,6.658189194960495
msd:train,msd:train,4167,31.733141348692104,31.733141348692104,2.554835613150948,3.422126229901608,8.178785697144228,5.413006959443244,3.7571394288456923,0.0,0.1070314374850012,0.0,1.4166066714662826,4.928005759539237,0.0,0.0,0.0,0.0,1.9556035517158628,0.0,0.0008346648281758239,0.00502543385824624,1.0532757379409647,,,1.1629469642428605,0.0033015141631213977,0.9478968699360735,0.11220281521374192,0.9610293706504252,6.0741724692882455,0.0017723494825445066,354.3483049232842,0.014619484881360344,0.029563679625568474,0.45716342692584594,0.0
magicplan:train,magicplan:train,10000,6.1228,6.1228,0.6164,0.5303,1.2504,1.0211,0.2153,0.0502,0.1511,0.1502,0.0902,0.8704,0.0697,0.1097,0.3416,0.0103,0.6459,0.0,0.0004976592657281986,0.0025865548567315455,1.0195,,,1.0255,0.0010703968253968253,0.9855847460776317,0.06394,0.971626371589876,5.114676666666666,0.0052030952380952376,80.98303107577516,0.03959079365079365,0.06257956349206349,0.3593,10.5186
